review_text,date
Unique flavor and great energy boost. It's the perfect gamer's drink!,2023-05-18
Good flavor and keeps me energized. The bottle design is really fun.,2023-05-17
Excellent energy drink for gamers. The tropical flavor is refreshing.,2023-05-16
"Itâ€™s fun, tastes good, and the energy boost is helpful during intense gaming sessions.",2023-05-15
"The best sneakers I've bought in a long time. Stylish, comfortable and the leather quality is top-notch.",2023-05-15
The cherry cola flavor is a win. Keeps me energized and focused.,2023-05-12
These shoes are a hit with my twins. They love the lights and they seem to be quite durable.,2023-05-10
Excellent boots for outdoor adventures. They offer great support and are very comfortable.,2023-05-01
"Nice design and good quality, but a bit too tight for me. Otherwise, it's a pretty cool beanie.",2023-05-01
Really enjoyed the citrus flavor and the energy boost it gives.,2023-04-25
"Great concept, but the sizing is a bit off. Order a size larger.",2023-04-25
"Delicious chocolates, and the box is pretty substantial. It'd make a nice gift.",2023-04-18
"The boots are durable, but the laces could be better quality.",2023-04-12
This potion is a game changer. Love the energy boost and the flavor.,2023-04-11
"Light, comfortable, and nice design. I'm buying another pair.",2023-04-10
Highly recommend! These shoes are great for evening walks. Kids love them!,2023-04-10
It's like a health potion for gamers! The energy boost is spot on.,2023-04-09
Really helps me focus during intense gaming marathons. The teal color is a nice touch.,2023-04-07
The shoes are nice but they didn't fit me well. I had to exchange for a larger size.,2023-04-07
"Great taste, and the energy kick is awesome. Feels just like a strength potion.",2023-04-05
Exceptional beanie! I wear it every time I go out in cold weather. The material is comfortable and durable. Highly recommend it.,2023-04-05
Great taste and doesn't give me a crash afterwards.,2023-04-01
"Good quality and fit, but the color is a bit off from the picture. Still, they're pretty.",2023-03-25
"The beanie is cute, but the cat ears were a bit floppy. Overall, I like it and wear it regularly.",2023-03-25
"Good quality and comfortable, but a bit pricey.",2023-03-24
"The orange flavor wasn't my favorite, but the cherry ones are great.",2023-03-20
"Not only does it look cool, but it tastes great and gives a good energy boost!",2023-03-20
Just what I need for long gaming sessions. Great flavor and energy boost.,2023-03-15
"Definitely helped me stay focused during my long gaming nights. Plus, the bottle design is pretty cool.",2023-03-14
"I love how it gives me the energy I need for my gaming sessions. Plus, no sugar crash.",2023-03-14
"Finally, an energy drink for gamers! It's just like a mana potion.",2023-03-10
"I'm not really a cat person, but I like the quality and comfort of this beanie. My friend recommended it, and I'm glad I bought it.",2023-03-10
"They're a good pair of running shoes for the price. They're not the best I've had, but they do the job.",2023-03-05
"The sneakers are fun and eye-catching, but my pair arrived with one shoe not lighting up.",2023-03-05
Very comfortable and the leather feels premium. Would recommend to anyone looking for classic sneakers.,2023-03-01
"Great sneakers, but the white ones get dirty easily. Otherwise, they're perfect.",2023-02-25
"Love these boots. They're rugged and comfortable, perfect for outdoor activities.",2023-02-22
Perfect for long gaming nights. Love the taste and the cool bottle design.,2023-02-20
"Comfortable, good fit, and the grip is excellent. Happy with my purchase.",2023-02-20
Good quality and the lights are a nice touch. My kid wears them all the time.,2023-02-20
"The tropical flavor is really good, and the energy kick is powerful.",2023-02-18
Stunning and comfortable. I wore them to a wedding and got so many compliments.,2023-02-17
"The box is nicely packaged, making it a great gift option.",2023-02-15
It's quite nice but a little snug on my head. Maybe it's just my head size. But I love the design!,2023-02-15
The cherry cola flavor is very appealing. Provides a good energy boost for gaming!,2023-02-12
The mint and citrus blend is very refreshing. And the bottle design is great too!,2023-02-12
The berry flavor is intense and delicious. Great for keeping me focused during my gaming sessions.,2023-02-10
These chocolates are so tasty! Love the variety of flavors.,2023-01-24
"Nice sandals, but they run a bit small. I recommend ordering a size up.",2023-01-23
The design is just epic! And the energy boost is real.,2023-01-15
Really like the design and they're great for running. They're also easy to clean.,2023-01-15
These sneakers are worth every penny! They're durable and my kid loves them!,2023-01-15
"These are decent boots for hiking, but they took a while to break in.",2023-01-13
"Impressive build quality and comfort. However, I wish they were a bit cheaper.",2023-01-10
A must-have for cat lovers. It's adorable and keeps me warm during chilly weather.,2023-01-10
