author,rating,text
Stranka,5.0,We've been using this utility for years - awesome service!
Stranka,5.0,This Python app simplified my workflow significantly. Highly recommended.
Stranka,5.0,"Had a few issues at first, but their support team is top-notch!"
Stranka,5.0,A fantastic tool - it has everything you need and more.
Stranka,5.0,The interface could be a little more user-friendly.
Stranka,5.0,Been a fan of this app since day one. It just keeps getting better!
Stranka,5.0,The recent updates really improved the overall experience.
Stranka,5.0,A decent web app. There's room for improvement though.
Stranka,5.0,The app is reliable and efficient. I can't imagine my day without it now.
Stranka,5.0,Encountered some bugs. Hope they fix it soon.
Stranka,5.0,This web app is a game-changer! I've boosted my productivity.
Stranka,5.0,The features are great but it took me a while to understand how to use them.
Stranka,5.0,Love the simplicity and effectiveness of this app.
Stranka,5.0,"It's an okay tool, but I've used better."
Stranka,5.0,Fantastic app! It's made my job so much easier.
Stranka,5.0,"The learning curve is steep, but it's worth it."
Stranka,5.0,Great concept but needs more work on the execution.
Stranka,5.0,This app is innovative and has a lot of potentials. Keep it up!
Stranka,5.0,"It's a solid tool, but there are some minor issues."
Stranka,5.0,A great app that delivers on its promises. Very impressed.
Stranka,5.0,I'm blown away by the features and functionality. Incredible app!
Stranka,5.0,I'm not satisfied with the app's performance. Disappointing.
Stranka,5.0,The customer support team went above and beyond to help me. Excellent service!
Stranka,5.0,"The app crashes frequently, making it unreliable for my needs."
Stranka,5.0,I've recommended this app to all my colleagues. It's a game-changer!
Stranka,5.0,The user interface is intuitive and well-designed. Easy to navigate.
Stranka,5.0,I expected more from this app. It didn't meet my expectations.
Stranka,5.0,The app's performance has improved significantly with the latest update.
Stranka,5.0,This app has saved me so much time and effort. Highly efficient!
Stranka,5.0,"There are some minor bugs, but overall, a solid app."
Stranka,5.0,"I've tried many similar apps, but this one stands out. Impressive!"
Stranka,5.0,The app's user interface could use some improvements. It feels outdated.
Stranka,5.0,I'm extremely satisfied with the app's performance. Works like a charm!
Stranka,5.0,The app's documentation is comprehensive and easy to follow.
Stranka,5.0,I'm disappointed with the lack of updates and new features.
Stranka,5.0,This app has become an essential part of my workflow. Highly recommended!
Stranka,5.0,The app is slow and unresponsive at times. Needs optimization.
Stranka,5.0,I love the clean and modern design of the app. Pleasing to the eye.
Stranka,5.0,I've encountered several bugs that hindered my productivity.
Stranka,5.0,This app has become an indispensable tool for me. Great job!
Stranka,5.0,The app's user interface is cluttered and confusing. Difficult to navigate.
Stranka,5.0,"I've been using this app for a while now, and it has become an essential part of my daily routine. Highly recommended!"
Stranka,5.0,The customer support team was unresponsive and unhelpful. Disappointing experience.
Stranka,5.0,This app has revolutionized the way I work. It's efficient and user-friendly.
Stranka,5.0,"The app's performance is inconsistent. It works well sometimes, but other times it's slow and unresponsive."
Stranka,5.0,I'm impressed by the frequent updates and new features added to the app. It keeps getting better!
Stranka,5.0,"I had high hopes for this app, but it failed to meet my expectations. It lacks important features."
Stranka,5.0,The app's interface is intuitive and easy to navigate. I didn't face any issues while using it.
Stranka,5.0,This app is a must-have for anyone in the industry. It streamlines processes and saves time.
Stranka,5.0,I encountered a critical bug that caused data loss. It was a frustrating experience.
Stranka,5.0,"The app's design is visually appealing, and the user experience is excellent."
Stranka,5.0,The app's functionality is limited. It needs more features to be truly useful.
Stranka,5.0,I've had a positive experience using this app. It has improved my productivity significantly.
Stranka,5.0,"The app crashes frequently, making it unreliable for daily use."
Stranka,5.0,The app's customer support team was prompt and helpful in resolving my issues. Great service!
Stranka,5.0,"I've tried many similar apps, but this one stands out with its exceptional performance and features."
Stranka,5.0,The app's user interface is outdated and not intuitive. It needs a modern redesign.
Stranka,5.0,I'm extremely satisfied with this app. It has exceeded my expectations in every way.
Stranka,5.0,"The app's documentation is comprehensive and easy to follow, making it easy to get started."
Stranka,5.0,The app's performance has been flawless. I haven't experienced any issues or slowdowns.
